position,residue_number,residue,rep1_first_part_18A,rep1_second_part_18A,rep2_first_part_18A,rep2_second_part_18A,mean_18A,std_18A,rep1_first_part_26A,rep1_second_part_26A,rep2_first_part_26A,rep2_second_part_26A,mean_26A,std_26A
1,94,SER,0.0014173115150164567,0.001346549127037866,0.0011717679033190532,0.0008087749946322184,0.0011861008850013986,0.0002718959701254347,0.011074007519956597,0.009803991960363816,0.008962646867533463,0.005865123513721868,0.008926442465393937,0.002217740085635335
2,95,SER,0.0013959790081141082,0.0013666247618414045,0.0012808337581099057,0.0012425900982741772,0.0013215069065848988,7.179573434390998e-5,0.010088338044337878,0.009291627064628034,0.008821930135618692,0.0069167364235845664,0.008779657917042293,0.0013474691727961962
3,96,SER,0.0014735742600802113,0.001070211356489265,0.0013899673299602679,0.0014683252049569483,0.001350519537871673,0.00019074367154710116,0.01044209770595902,0.0064521829284259515,0.009526430769664083,0.00974813049604686,0.00904221047502398,0.0017701901330359844
4,97,VAL,0.0005340165169000971,0.0002574177566873251,0.00031125600429289464,0.00010965248345553873,0.00030308569033396385,0.00017597136734473823,0.004309892428021065,0.005391865336951618,0.0050612709380468135,0.002921627514266268,0.0044211640543214414,0.0010974195509577073
5,98,PRO,0.0003575914768262349,0.0002599156182763492,0.00044655093126900065,0.0003446930176977442,0.0003521877610173322,7.638483171399846e-5,0.0031401275472464152,0.005107674551926857,0.006333675881333561,0.008083855932003612,0.005666333478127611,0.002080350683511031
6,99,SER,0.001368282325544402,0.001176152266715494,0.001163784796228544,0.0011903379260020757,0.001224639328622629,9.637455762405146e-5,0.007830896580280694,0.006440207560321737,0.008442717049892981,0.007146398436814986,0.0074650549068276,0.0008643913900425668
7,100,GLN,0.0013269950937932823,0.0012501642329059229,0.0014327977095596018,0.001050060395245148,0.0012650043578759885,0.00016167724699676998,0.010120959419934876,0.00955869092545777,0.011625414866767242,0.00504134783455084,0.009086603261677682,0.002834455577428966
8,101,LYS,0.0010763246423141476,0.0008674176946542665,0.0006056047718555418,0.0006187529923432684,0.0007920250252918061,0.00022456330594141115,0.019341123149504095,0.015136283507362723,0.013489274678265339,0.015037160730011427,0.015750960516285897,0.002509437421883186
9,102,THR,0.0013622559643435323,0.0014346018608492812,0.0014345859120714,0.0014866934957497688,0.0014295343082534953,5.1136246326017885e-5,0.011867070913462426,0.010152143044820731,0.009015852187757495,0.009977565765891672,0.01025315797798308,0.0011862821005028763
10,103,TYR,0.0012219954738072073,0.0008046495167068637,0.0006570241971098864,0.0006120324128042061,0.0008239254001070409,0.0002778404775445374,0.01070609531734025,0.008455476813290926,0.008237933428312713,0.008178340604034605,0.008894461540744624,0.001213614833166818
11,104,GLN,0.0018870823060329165,0.0017304755993545757,0.0016137416199837106,0.0016884503715807345,0.0017299374742379841,0.00011535083292759851,0.01336093269727185,0.012888534547989598,0.01299698212931964,0.013063915272912759,0.013077591161873462,0.0002022454573064432
12,105,GLY,0.000668040266654053,0.000709276617304689,0.0007404840763489015,0.0007184121144766623,0.0007090532686960765,3.031831066728305e-5,0.004389584177746658,0.005294996850446215,0.005034648261948041,0.005290101644142579,0.005002332733570873,0.00042621133929738307
13,106,SER,0.001653967745935191,0.0017366702050309352,0.001653728364912262,0.0016594314853205616,0.0016759494502997375,4.0566099084282e-5,0.013272313955858876,0.01341879292821578,0.01307407928967997,0.013309563144571088,0.01326868732958143,0.00014386100306069757
14,107,TYR,0.0007452435759239123,0.0007634713850915038,0.0007634264303909142,0.0007318657651876002,0.0007510017891484826,1.537538038073014e-5,0.006434901215743362,0.006731198848994439,0.006262700475894856,0.006681298481328083,0.006527524755490186,0.0002189676645087616
15,108,GLY,0.00012932115261693456,0.00010186041518680483,0.00016241199442222073,0.00017035326405328029,0.0001409867065698101,3.156152449002792e-5,0.0008764087969205416,0.0005277728032760616,0.000826009792644105,0.0006707718623336548,0.0007252408137935907,0.0001580787019938079
16,109,PHE,0.0005976440985813844,0.000561053090134589,0.0006145619753759566,0.0006279718758601564,0.0006003077599880215,2.8962678057019876e-5,0.00181178604470582,0.0010191984935951782,0.0011847273175699191,0.001092398558649028,0.0012770276036299863,0.0003628818298659348
17,110,ARG,0.0003396172749362694,0.0002845024261160534,0.00034786186501800556,0.0003553652508355731,0.0003318367042264754,3.220491395597756e-5,0.00909899439407381,0.008457628726488921,0.009434438373310853,0.009218258555491275,0.009052330012341216,0.0004200739081287407
18,111,LEU,0.0009053420257540213,0.0009349261701832766,0.000890373553441009,0.0009371949598375234,0.0009169591773039576,2.290599145920587e-5,0.00520523988462532,0.004291695110980379,0.0052435828601722165,0.0047818295148461445,0.004880586842656015,0.00044486409453697975
19,112,GLY,0.00015529012557874305,0.00029715905854057237,1.3051201591540178e-5,7.612607477039142e-6,0.00011827824829697369,0.00013746252671153857,0.0008571246496131951,0.0010223936603424408,0.0007658929484284261,0.0007457185773952837,0.0008477824589448364,0.0001260942452157342
20,113,PHE,0.000509325175745849,0.0006100153729165428,0.000786575802453024,0.0009202411040995488,0.0007065393638037412,0.00018283378800178305,0.005783091837366213,0.006330462658113302,0.0062245435822233085,0.00660830892434909,0.006236601750512978,0.0003429250325273609
21,114,LEU,0.0007227204444183375,0.0007187583217421411,0.0005900696154305978,0.0006277739252173504,0.0006648305767021067,6.63873361889861e-5,0.010425407020648356,0.010578539326293794,0.005721093274388341,0.005902819053846711,0.0081569646687943,0.0027095200330809898
22,115,HIS,0.0003297070081951366,0.000345909262993345,0.0009094118673064034,0.0010805005507109869,0.0006663821723014679,0.0003858369758145526,0.007382462463532256,0.006569150148382653,0.01263312105246777,0.013503408867276006,0.01002203563291467,0.00355093843704007
23,116,SER,0.0004325135404962302,0.00043138977056715594,0.0008740910761147468,0.00042517033174014447,0.0005407911797295693,0.0002222233987866194,0.0016788143116280374,0.001021638230497894,0.005872969259976171,0.0032575401652642014,0.002957740491841576,0.002158130576491266
24,117,GLY,6.514738299214126e-5,1.5441913940741975e-5,0.0007892072581878526,0.0007177308543744323,0.00039688185237379207,0.0004132825873175676,0.0012955332982403504,0.0008432497163966488,0.006225621262882049,0.006517685820214538,0.0037205225244333964,0.0030691428636055304
25,118,THR,0.001332413268141915,0.0013913661908884092,0.001109014787594387,0.0010281895751274024,0.0012152459554380284,0.00017418540594979574,0.012023022996652998,0.012347596979119389,0.010702448206933087,0.009931766051053002,0.01125120855843962,0.001131346034556414
26,119,ALA,0.0008548576281226764,0.0008441227355187829,0.000783649787657647,0.0008598005392852859,0.000835607672646098,3.525140039899436e-5,0.009687256603544782,0.01029535628926042,0.009317576434038575,0.011432997647405733,0.010183296743562378,0.0009255335696558348
27,120,LYS,0.0011852311278704225,0.0011906175527591823,0.0012557651284051145,0.0012477151019423597,0.0012198322277442697,3.7055640013421665e-5,0.018796741504796943,0.018688889476596714,0.023940572539042346,0.023569500140281884,0.02124892591517947,0.002898104048704754
28,121,SER,0.0008791017501092515,0.0008766305294353653,0.0012820078792116984,0.0011779360651819944,0.0010539190559845774,0.00020768328606390307,0.004622113589197736,0.003630483840600422,0.009171418441105679,0.008174779776543663,0.006399698911861875,0.002687111393002002
29,122,VAL,0.0008308155898355269,0.0009623747072265846,0.0006464705232814989,0.0004901502945049906,0.0007324527787121503,0.00020707710152323487,0.01157308918760172,0.012643888577197577,0.00525649382853114,0.0045781324016273385,0.008512900998739444,0.004183953540836354
30,123,THR,0.0003344199821573986,0.0002605107306195398,0.0006297689444414289,0.0008503075223324818,0.0005187517948877123,0.0002725929030350719,0.0029193692820053945,0.0024908704058253725,0.003660414926771229,0.0038271050720732436,0.00322443992166881,0.0006283501726334538
31,124,CYS,0.000590361958974494,0.0006085373001229425,0.00020183109107756693,6.802033461331975e-5,0.00036718767119708076,0.0002738005965266507,0.00137957286020805,0.0014298727890070635,0.0008461917341797468,0.0003845842576534497,0.0010100554102620777,0.0004935771619499379
32,125,THR,0.00037637102031548857,0.0005105704878047039,0.0006121369001204552,0.0007745982614546758,0.0005684191674238308,0.00016797819254190643,0.0016799980562673376,0.0019782829675790256,0.001986697070417152,0.002509665891050086,0.0020386609963284003,0.00034488184999929166
33,126,TYR,0.001194722032095328,0.001245806761665914,0.0008983708026350742,0.00111300456353059,0.0011129760399817266,0.00015316855264705927,0.005941981536216994,0.006070678949257758,0.005616120802304148,0.006297784723384538,0.0059816415027908595,0.00028463573108660905
34,127,SER,9.416691445407744e-5,2.979918897411723e-5,6.0828425070529334e-5,3.236725562443001e-5,5.42904460307885e-5,3.0073941398088862e-5,0.00047344556657712123,0.00012666824549397985,0.00021608012268774801,0.00013016862074244953,0.00023659063887532467,0.00016322736347506325
35,128,PRO,0.0006664630632192718,0.0007098567397668284,0.0006996656957988704,0.000714753947949407,0.0006976848616835943,2.1742682486773055e-5,0.007957993883719571,0.008334784407358615,0.007830548916885465,0.00822159153745665,0.008086229686355076,0.00023232115488473895
36,129,ALA,0.0008034542592643443,0.0008358187620305808,0.0007679029017041503,0.0007985334663053551,0.0008014273473261076,2.7803721447570448e-5,0.007477209605821804,0.007429900960557353,0.007072506753518133,0.007412155908304575,0.007347943307050466,0.00018566581640857172
37,130,LEU,0.0006016886709094189,0.0006076676624166642,0.0005662956003311231,0.000579558780025837,0.0005888026784207608,1.9269618965720514e-5,0.0036665097842926773,0.003634696760942791,0.0035016916037640187,0.0036824124442621305,0.0036213276483154045,8.218737542077622e-5
38,131,ASN,0.0012996454935708015,0.001211373099791882,0.0011505429616995536,0.0009552430480654723,0.0011542011507819274,0.00014608262226879036,0.009451306140952461,0.00872746442079959,0.008729842008602455,0.007495472597775813,0.008601021292032579,0.0008119533815652051
39,132,LYS,0.00024887649497865586,0.0002390085701074385,0.0002948516528491093,0.00021717842471516115,0.00024997878566259123,3.2715941893308385e-5,0.0026291343821185638,0.00259397673635442,0.003408881092734621,0.0027403672019130037,0.0028430898532801523,0.00038232009207458245
40,133,MET,4.4048052714633896e-5,7.073392982784105e-6,5.061662777760489e-5,8.910925791148291e-6,2.7662249816542795e-5,2.2883117376650796e-5,0.00017560969576400917,3.704254465520774e-5,0.00023768721281960514,9.048996478303933e-5,0.00013520735450546533,8.901394155932833e-5
41,134,PHE,2.6375145292888707e-6,0.0,2.5681722002202466e-6,0.0,1.3014216823772793e-6,1.5030189354259826e-6,7.743030649962425e-5,1.0303868826984203e-5,2.3928653115327884e-5,1.733743797690474e-5,3.225006660471027e-5,3.062962666500723e-5
42,135,CYS,1.315106216675032e-6,0.0,1.039412555762343e-5,0.0,2.9273079435746157e-6,5.0163340958219585e-6,1.1431367214012437e-5,2.109103675746576e-6,2.8662230458025e-5,1.3746409654757792e-5,1.3987277750635452e-5,1.1000544720275056e-5
43,136,GLN,0.0015741757835772213,0.0016016545768096724,0.0012146898196393433,0.0011785192288886327,0.0013922598522287176,0.0002266831322208212,0.008088216761135457,0.008230040787339979,0.006468525767787891,0.005975459334926265,0.007190560662797398,0.0011378504627598109
44,137,LEU,0.0007412626840175183,0.0007782068702639064,0.0007508711055489308,0.0007620055836487105,0.0007580865608697666,1.5867064604439666e-5,0.004684170037789467,0.004768794884255269,0.004865526811009211,0.005624098313224973,0.00498564751156973,0.0004320347740662727
45,138,ALA,0.0005497089310753028,0.0006488446545821659,0.0006086798649532893,0.0007286162065743789,0.0006339624142962842,7.509699995050975e-5,0.0035674769887556043,0.0036226843450453345,0.003969168217066343,0.00509602677180233,0.004063839080667403,0.0007107195483438497
46,139,LYS,0.0012827997186078716,0.0013445585675579128,0.0012003080812477754,0.0012473167291113182,0.0012687457741312196,6.07947771336345e-5,0.015306473676334852,0.01569848728109517,0.01416887392002731,0.014333535420571059,0.014876842574507098,0.0007429861341832985
47,140,THR,0.000831587350655263,0.0007800081285931359,0.0008153495275493269,0.0007966931904492339,0.0008059095493117399,2.2392614384272432e-5,0.007676858665204306,0.007858405493925778,0.006887973968679549,0.006438984212531864,0.0072155555850853745,0.0006674402218176607
48,141,CYS,2.282359224942994e-5,0.00022860616074530185,5.2165017998195334e-5,6.552093586261122e-6,7.753671614479707e-5,0.0001024663241019781,4.3672277531970446e-5,0.0005583128268292758,0.00019253595132982581,3.449950206903193e-5,0.000207255139440026,0.00024499116809060693
49,142,PRO,0.00024031375974677683,0.00015475808634479198,0.0007440762888942611,0.0006243693566487856,0.0004408793729086539,0.0002873377222039694,0.0013381768014643165,0.000964528938749546,0.0026396134754800497,0.0020501216100134475,0.0017481102064268398,0.0007456616672879275
50,143,VAL,0.0,2.0676630866540895e-5,2.9708671821653485e-5,1.69653779921882e-6,1.30204601218533e-5,1.4547358967214513e-5,1.1542092182687e-5,7.201782825862858e-5,0.00013583608314776625,1.4028582485060787e-5,5.8356146518535655e-5,5.872611782542977e-5
51,144,GLN,0.0006557505465140116,0.0005394300531587154,0.0010252444770205062,0.0010382072720703322,0.0008146580871908913,0.0002551620026851723,0.004546517920580921,0.004764273845583,0.0069763417210073255,0.007102751675660352,0.0058474712907078995,0.0013803228691892635
52,145,LEU,0.0004224447743512576,0.000574219100531545,0.0004248790192550532,0.0005524377860147169,0.0004934951700381431,8.113141563335407e-5,0.0009140681829799795,0.0017565410190210579,0.000849764675562412,0.0013734217966255163,0.0012234489185472413,0.0004250628991658967
53,146,TRP,3.17928726942328e-5,6.613828508639076e-5,4.5543361911284965e-5,6.636762300245977e-5,5.2460535673592075e-5,1.688675509443614e-5,0.005813095649522603,0.007624603867307297,0.005812803661543546,0.00768556683125493,0.0067340175024070935,0.0010638487045151516
54,147,VAL,0.0007687512206351667,0.0009067026412296362,0.000843927680751901,0.0008504022350069011,0.0008424459444059013,5.6643132861418346e-5,0.003293804319245201,0.00543026458517362,0.0033764599919095927,0.00397751644591715,0.004019511335561391,0.0009886276694068782
55,148,ASP,0.005510594932680349,0.00527003346744949,0.0056275988892522675,0.005387573158333816,0.005448950111928981,0.00015437375172936308,0.01619963715904128,0.01588337202678792,0.016345638416420692,0.016203607458071357,0.016158063765080312,0.00019531374415561763
56,149,SER,0.000779328435243994,0.0007863249992828856,0.0007135007558729771,0.0007757546031973153,0.0007637271983992929,3.377086116207165e-5,0.006620669787473013,0.006686528877263072,0.006440507885639045,0.0064927733580804,0.0065601199771138825,0.00011326680757350531
57,150,THR,0.0016581929034984169,0.0015571117505464652,0.0016124729305840972,0.0015093874043534577,0.0015842912472456092,6.482019436752166e-5,0.0123937847212818,0.011535416184921437,0.011804866498781149,0.011690328645292007,0.011856099012569099,0.0003750768732043222
58,151,PRO,0.0007254305031595261,0.000708817063492221,0.00068389535716908,0.0006994747127597034,0.0007044044091451327,1.7382858101186266e-5,0.003274691263443334,0.0031286500912582945,0.0032347987234566146,0.0031004841640727048,0.003184656060557737,8.33510670923458e-5
59,152,PRO,9.653405563809379e-5,0.00011575861645000271,9.665195843345381e-5,0.00011789512001066346,0.00010670993763305345,1.1714640599233463e-5,0.00380751960383669,0.0042251951185415335,0.003965385848377099,0.004075255803154995,0.004018339093477579,0.0001763309675249728
60,153,PRO,0.0008335603499867748,0.0008748874149111373,0.0008535286639644401,0.0008810567719335752,0.0008607583001989818,2.1630657049188503e-5,0.010998499659641343,0.01099274187131589,0.01076244795180234,0.010896495551846132,0.010912546258651425,0.00011046334284922181
61,154,GLY,0.00034222482329705436,0.00031804060413356296,0.0003380146815611711,0.00035775847643515073,0.0003390096463567348,1.6355902897409357e-5,0.005640923280265633,0.005493515006787783,0.005587737042141233,0.00564747957812398,0.005592413726829657,7.115301108391253e-5
62,155,THR,0.0006007102036651324,0.0006772105532794317,0.0005903558830328225,0.0006559323186622148,0.0006310522396599003,4.2136448348931526e-5,0.0029358332745389073,0.0028636085529068385,0.0028552787888701703,0.0028992770166054076,0.0028884994082303307,3.687734612383967e-5
63,156,ARG,0.00044605969280922265,0.0004945613206945447,0.0003981830545109247,0.0004667719801849917,0.00045139401204992094,4.0660215623145295e-5,0.0074776108511415695,0.007783976396692675,0.007749339298882255,0.007944979299703931,0.007738976461605108,0.00019397726171905308
64,157,VAL,0.00022194566515602353,0.00024983918929541004,0.00025078315108384316,0.00020332979633349083,0.00023147445046719188,2.3043501307629207e-5,0.0005958187338551678,0.000668700524115224,0.0006586460608643959,0.00068425950868067,0.0006518562068788644,3.881582791784976e-5
65,158,ARG,0.0002690374302465635,0.00032574816438970763,0.0003165311120497784,0.0002813451044962101,0.0002981654527955649,2.726089527298689e-5,0.0021872861091112627,0.002281971572021335,0.0021468036869598307,0.002205502381700924,0.002205390937448338,5.66417300240215e-5
66,159,ALA,5.326648132688764e-6,3.6014581855592395e-6,4.137639504598886e-6,4.1138461500957175e-6,4.294897993235652e-6,7.309530580651771e-7,3.0414016860774167e-5,3.5028981720836626e-5,3.124783757731164e-5,6.859023712910503e-5,4.132026832200686e-5,1.8290540978699824e-5
67,160,MET,2.0969192804065152e-5,1.575655359606287e-5,2.3708265624745385e-5,1.0315653770529186e-5,1.7687416448850646e-5,5.9186653108699625e-6,0.0004109556971058053,0.0004951629278267694,0.0007183306450369602,0.0005434606559749455,0.0005419774814861202,0.0001296931616257897
68,161,ALA,0.0009164775538098729,0.001072499042695995,0.0005985472696237959,0.00108481781174894,0.000918085419469651,0.00022638497602679237,0.002650580752135746,0.002811980599851629,0.0016546779045093077,0.0028311645973360822,0.002487100963458191,0.0005608268754485843
69,162,ILE,1.458033180352703e-5,1.6340567196426385e-5,2.6447619662306604e-5,1.5125346864950733e-5,1.8123466381802687e-5,5.597999065726992e-6,0.00043620482172575237,0.0004997208519694212,0.0006290245367703524,0.0002861095188696968,0.0004627649323338057,0.0001425021293936788
70,163,TYR,0.0005720767530644659,0.0005996749237624953,0.0008575108848816301,0.0005490218658315525,0.000644571106885036,0.00014346207990728212,0.002044388224864468,0.0021532214953697538,0.0027840055914568423,0.0017759466954827242,0.002189390501793447,0.0004269413477174476
71,164,LYS,0.0009408305302421265,0.0009553452966635538,0.0007939239452901729,0.0006526608044013395,0.0008356901441492981,0.0001421454781631275,0.011968799565046546,0.012450965566366563,0.011443057761382587,0.010322053619036656,0.011546219127958088,0.0009140320571346289
72,165,GLN,0.0011823628618296198,0.0012321751578969508,0.0009673061538530298,0.0010381540299665864,0.0011049995508865466,0.00012327004522893348,0.011917740270530447,0.012618412674103668,0.010693695514226451,0.01113707831879162,0.011591731694413045,0.0008511823342952002
73,166,SER,0.0013616456489102334,0.001338242507847333,0.0012332132524377943,0.0012819996262055443,0.001303775258850226,5.770658028668295e-5,0.010683546832616816,0.010862090819143574,0.009549265193980664,0.009074891139858033,0.010042448496399771,0.0008683735029575255
74,167,GLN,0.001787672525877286,0.0017875825492309997,0.0017748170305623575,0.0017857925832757545,0.0017839661722365994,6.160568440621826e-6,0.016824680373526253,0.01736246275218873,0.016251680857760315,0.01656812996449955,0.01675173848699371,0.0004697780926479846
75,168,HIS,0.0003467517039607048,0.00037758020688832437,0.0004576000716412758,0.0003291970900111563,0.00037778226812536534,5.684580908508718e-5,0.005550761894550135,0.005368529517084007,0.005771198531826901,0.005510609035065119,0.00555027474463154,0.00016674556797258166
76,169,MET,0.0004221448820100319,0.00040804899499986667,0.0005120923446923471,0.0004520198671302802,0.0004485765222081315,4.614191296163648e-5,0.004774342899256532,0.005218989184851415,0.005575464812510505,0.00490162213702693,0.005117604758411345,0.00035795336183864763
77,170,THR,0.0015823720704763718,0.001617189760000734,0.0016271409917669906,0.0016779634882128707,0.0016261665776142417,3.950701009702188e-5,0.012685197870204437,0.013105702989858203,0.012354100978694294,0.01374596084495902,0.012972740670928988,0.0006002622612488706
78,171,GLU,0.004929113442101519,0.004855437727179328,0.005202543662626983,0.004982482793419313,0.004992394406331786,0.00014946857238266165,0.012065709669371382,0.012236305866955342,0.012499699910272728,0.012500450843143062,0.012325541572435629,0.0002132291479450687
79,172,VAL,0.0005787639914841562,0.0006851017091356603,0.0006645022887013855,0.0006886225640086918,0.0006542476383324734,5.143457979506168e-5,0.00715450466344411,0.006949838939780843,0.00553251747496769,0.0068458969926239194,0.006620689517704141,0.0007366896119867975
80,173,VAL,0.0009278030902368663,0.0010620082232378025,0.0006610448330172662,0.0011981512327228331,0.000962251844803692,0.00022913768560949574,0.003368267927914284,0.0036387855392985965,0.0023624933413040473,0.003921405153065656,0.003322737990395646,0.0006788301668179903
81,174,ARG,0.0005643699499541594,0.0005197169276375858,0.0006365828639947628,0.0005979568494217357,0.0005796566477520609,4.9672073488120064e-5,0.011328922411326423,0.011798949967313628,0.01263521295672898,0.01321424768036292,0.012244333253932989,0.0008425881199052345
82,175,ARG,0.0008811511208748218,0.0009165856716650126,0.0008592640595484009,0.0008052618836054521,0.0008655656839234219,4.662690137918081e-5,0.0029824784935952534,0.0023329004654421676,0.004208655678319671,0.0027988457368007566,0.003080720093539462,0.0008001202918993919
83,176,CYS,4.8400086948524035e-5,1.968611783273213e-5,0.00017696639671901758,0.00030453185097937315,0.00013739611311991174,0.00013073650074194588,0.0014532168945675522,0.0015855239346784572,0.0006894532151843817,0.00096863514133186,0.0011742072964405627,0.000418040732859398
84,177,PRO,0.0005627118644707156,0.0005219101271389612,0.0008415938662755651,0.000898055929450844,0.0007060679468340215,0.00019121691802343778,0.00774085194255461,0.00783003033167195,0.0077974516147011315,0.0077026687621742865,0.0077677506627754946,5.692128669934798e-5
85,178,HIS,0.0004130374948141946,0.0003385089694435379,0.0010477417153817766,0.0010183560476391966,0.0007044110568196764,0.0003808850607691388,0.012208762831884355,0.012219682136281834,0.015608477127595218,0.015742728643145288,0.013944912684726671,0.0019991853034617927
86,179,HIS,8.990996238500037e-5,9.24063947068029e-5,0.0008344078975721953,0.000920282177565288,0.0004842516080573216,0.0004552582012329317,0.003795586436120591,0.003629065535390532,0.0075398187685124475,0.009006532343062902,0.005992750770771618,0.0027012859752679136
87,180,GLU,0.005619378116524616,0.005691747968297353,0.004579293826917621,0.003982437698624168,0.004968214402590939,0.0008307687057405314,0.012928867669442646,0.01291877182635479,0.010140047611439326,0.008778437261305087,0.011191531092135464,0.0020760811065855494
88,181,ARG,0.0012226903897674072,0.0013717947591776183,0.0005289683603303872,0.00034513964109041465,0.0008671482875914568,0.0005059436523066604,0.018862433270423327,0.019199879932143435,0.011716335855211178,0.009770251028114248,0.014887225021473048,0.004852464458206742
89,182,CYS,0.0007588142073501137,0.000825244717921208,0.00042257793341934577,0.00015510427992967114,0.0005404352846550846,0.0003115424559605602,0.007324213013626356,0.007668166523282321,0.004713727054615802,0.004023539854972528,0.0059324116116242515,0.001832933867582575
90,183,SER,0.0008175265596892357,0.0008545161930438994,0.0013171156740615483,0.0014639562766719134,0.0011132786758666492,0.000326063203627587,0.004662087119621745,0.004873932983607416,0.00819097720772573,0.009743134585098696,0.006867532974013396,0.0025072575724499496
91,184,ASP,0.003383169558466875,0.0031783737586611447,0.0056424282493276285,0.005854230834298636,0.004514550600188571,0.0014297135767341797,0.008480461564714305,0.008072078493518547,0.01735471928446294,0.01908968788616883,0.013249236807216156,0.0057882075721592974
92,185,SER,0.0017516634581820588,0.0017635822491138449,0.0013155883313999816,0.0013603774936505066,0.0015478028830865978,0.00024301697025904683,0.014984676321144875,0.01567048010068302,0.009006298135478997,0.009773401891621576,0.012358714112232118,0.003453790364422154
93,186,ASP,0.0037766385568886855,0.003781885599775636,0.004346560529327487,0.003658483168587429,0.0038908919636448094,0.0003090759982543083,0.012646684216361998,0.0126521069620619,0.012746255965703003,0.01046085352736216,0.012126475167872266,0.0011113550173682707
94,187,GLY,0.0008609101795197735,0.0008609739800463779,0.0007289464146136859,0.0008298594710326219,0.0008201725113031148,6.25575877873824e-5,0.007532754293694987,0.007945178820982033,0.00693371957566437,0.008480164355251339,0.007722954261398183,0.0006536610482492663
95,188,LEU,0.0008547972186703611,0.0008811436368774554,0.0008336965306736734,0.0008538341148602647,0.0008558678752704388,1.9456919360513162e-5,0.010882868895717813,0.010689935128988038,0.011973563954625007,0.012714153070486066,0.011565130262454232,0.0009519311229393238
96,189,ALA,0.000708500274252396,0.0007521599643996426,0.000682551670841873,0.0007695495394766573,0.0007281903622426422,3.981504358437828e-5,0.00298185059430273,0.0027968148363607826,0.0044106720376859195,0.0037558263534970657,0.0034862909554616243,0.000743183941507699
97,190,PRO,0.00026504183213747794,0.00038360004343971157,0.0003611955593915691,0.0002005992470602178,0.0003026091705072441,8.526276220157137e-5,0.003766394989481986,0.00392050976903616,0.002839297851207298,0.001914895801615379,0.003110274602835206,0.0009290378292711895
98,191,PRO,0.00011066012607356915,4.2577758073243314e-5,0.00011732686220448197,0.00022066536705102766,0.00012280752835058052,7.34633008546026e-5,0.004539943275499226,0.005018356330648861,0.0031067501361924737,0.004051191258879342,0.004179060250304976,0.000816670869679689
99,192,GLN,0.0012253377241840397,0.001100922474615852,0.0011724159976630492,0.00094120293473418,0.0011099697827992802,0.00012352246009176342,0.011666766153912208,0.011849758540966628,0.012421885861099281,0.01118848979299249,0.01178172508724265,0.0005097640100761918
100,193,HIS,0.0005952593135968003,0.0006372715285216821,0.0004079031346969145,0.00040984412365011307,0.0005125695251163775,0.0001209624627202978,0.002768265584988105,0.0030920948295363074,0.0026663677848043307,0.002207397045790252,0.002683531311279749,0.0003656512322807782
101,194,LEU,4.351682781090227e-5,7.346348764006319e-5,4.329815207347358e-5,8.792652156650853e-5,6.205124727273689e-5,2.2323174313699335e-5,0.0006599717801702036,0.0008716154167205675,0.0004959938598832456,0.0007640652023014388,0.0006979115647688639,0.00015995782646614393
102,195,ILE,0.0001944537777442693,3.73846527117853e-5,0.00027815116940752016,2.2991280013453315e-6,0.00012807218196623002,0.00013034992366110985,0.0004528781093179258,0.00021180008709674927,0.0005202777692399936,1.9339110525924288e-5,0.00030107376904514826,0.00022981090743380206
103,196,ARG,8.280583376435831e-5,5.537162305443876e-5,0.0003309882111764882,0.00036637869586813795,0.0002088860909658558,0.00016245591347907213,0.0014832375969019724,0.0010481262003976916,0.004909711520400194,0.0063130434280749105,0.003438529686443692,0.0025796899827250316
104,197,VAL,0.000755935229404994,0.0007563842976676373,0.0006875327861952506,0.0007570624110081264,0.0007392286810690022,3.446704420419493e-5,0.001901052844110995,0.0018105537218425743,0.0019983427344262414,0.0024806099141515955,0.0020476398036328516,0.0002986585924404336
105,198,GLU,0.005063274553415717,0.005302332611581232,0.00550753747188737,0.005404428555103217,0.005319393297996884,0.00019019034629100726,0.013298208310145642,0.013692011404544775,0.015141702350489212,0.014492916406760734,0.01415620961798509,0.0008238554915844222
106,199,GLY,0.0008169680119811703,0.0008232841947501226,0.0005964196841837956,0.000698215052642869,0.0007337217358894894,0.00010811098383615457,0.008021099887764935,0.0076735193295199506,0.00503161937922589,0.005845582545909212,0.006642955285604996,0.0014368427752389909
107,200,ASN,0.0010225369956027488,0.0011039190613998475,0.0017235392790923088,0.001874146355963839,0.001431035423014686,0.00043041913059772445,0.007324460350434712,0.007456959457433576,0.015789456987499513,0.01924574199270181,0.012454154697017404,0.006014860034827043
108,201,LEU,0.0008908767473497718,0.0009303500732418731,0.0007977325878366688,0.0007446124013691578,0.000840892952449368,8.49190159366373e-5,0.015710071950494203,0.01588640903227766,0.011636212003037473,0.007094368530411658,0.012581765379055247,0.00415180952682456
109,202,ARG,0.0010867796155965355,0.0009668676696252693,0.000959710669313227,0.0009113475204253429,0.0009811763687400939,7.459586433091813e-5,0.017442693493936047,0.016605551315987215,0.016743531545716436,0.01878756634938805,0.017394835676256937,0.0009981910255421633
110,203,VAL,0.0009667401870853372,0.0009904747269923059,0.0009028367759773247,0.0009475564033225883,0.000951902023344389,3.712280288662795e-5,0.005417512673779584,0.005741400896906284,0.004735483699296738,0.006141960274141223,0.005509089386030957,0.0005947958338446751
111,204,GLU,0.0057685468190890165,0.005673572711543408,0.005409948205012671,0.005371793773022259,0.005555965377166839,0.00019516023236131053,0.01427561847495726,0.013899264190355509,0.013394348926737212,0.01297554226048286,0.01363619346313321,0.0005695083682778224
112,205,TYR,0.0013960234037774116,0.0015070542885855076,0.001451435163710437,0.0015210096338680416,0.0014688806224853494,5.711736735584216e-5,0.0073741232418127155,0.007808224705992526,0.008965102128367389,0.009355053454214234,0.008375625882596716,0.0009366095321391267
113,206,LEU,6.34748737125571e-5,6.817833021952366e-5,7.721434079112364e-5,6.639780038119008e-5,6.881633627609863e-5,5.924921089637215e-6,0.004147709691232119,0.00412462417731828,0.003932353560520202,0.0041890847932293225,0.004098443055574981,0.00011389219683141977
114,207,ASP,0.005714924122380268,0.005899680994234836,0.005670383820143171,0.005761579425007158,0.0057616420904413575,9.927299620245138e-5,0.016398248528071934,0.016652162578506623,0.015637211140720843,0.01629493255606197,0.01624563870084034,0.0004324987100389484
115,208,ASP,0.002869904899475042,0.0029983924596420474,0.003120056039383095,0.0030073635838657404,0.002998929245591481,0.00010229110138275451,0.00582934862330957,0.006029063284951417,0.00613882116015144,0.005872329233585674,0.005967390575499525,0.00014292679680651306
116,209,ARG,0.0011118909601940507,0.0012185647039933897,0.0011648729227594213,0.0011778941410577112,0.0011683056820011432,4.40163322388401e-5,0.018031687514788657,0.017976655552732246,0.01674810630246049,0.017863681260173226,0.017655032657538653,0.0006086487276800014
117,210,ASN,0.0016385384734780805,0.0015596687466068863,0.0016578395807160433,0.0016826672257685643,0.0016346785066423935,5.3168649785917343e-5,0.010100693870161463,0.010372648084896201,0.01155703293865834,0.010413468188373017,0.010610960770522256,0.0006458124374408305
118,211,THR,0.0005663006368791903,0.000723605270383997,0.0006783732868088332,0.0007396992594089933,0.0006769946133702534,7.822932773572579e-5,0.0035938534953510928,0.0036710422292041975,0.004853193039374211,0.004532362982412676,0.004162612936585545,0.0006268293327282142
119,212,PHE,0.00072355585284719,0.0007966666275809192,0.0007794659328321327,0.0007829725262182396,0.0007706652348696203,3.2271184269301515e-5,0.012299269601766024,0.012859305303036006,0.012347535499684403,0.013179462043466627,0.012671393111988265,0.00042300697022831205
120,213,ARG,0.0003558683691190728,0.0003243709977524664,0.000356939995437227,0.0003525286238380789,0.0003474269965367113,1.548504224745737e-5,0.005534315488811176,0.004454570717721539,0.006108210303240076,0.00517851846727877,0.005318903744262891,0.0006919023704005696
121,214,HIS,0.0007876963437626325,0.0008365475685930244,0.0005595356698120308,0.0008481490668655394,0.0007579821622583068,0.00013486602822269087,0.009388349215585082,0.009886513600749486,0.008474143155778262,0.009871583388451038,0.009405147340140967,0.0006624014473375908
122,215,SER,2.8302970919636425e-5,2.570683271417973e-5,5.970719740539333e-5,2.2181068123589194e-5,3.397451729069967e-5,1.7337601868369952e-5,0.00013256011955271516,9.057122402811316e-5,0.00022337222846910662,8.476055474494522e-5,0.00013281603169872005,6.401677619948486e-5
123,216,VAL,0.00023659722050160776,0.00024280226337393052,0.0002232192930312336,0.00018881544421319086,0.0002228585552799907,2.4121677370086242e-5,0.0005783259869019628,0.0006763185687822264,0.0005320581794143806,0.0006268415770481669,0.0006033860780366842,6.21422720585068e-5
124,217,VAL,0.0001982452967590993,0.00016320245902861543,0.00018190995519024096,0.00021755212534691493,0.00019022745908121765,2.316933754181847e-5,0.0008194332087365568,0.0007755445621952398,0.0008163749903270483,0.000884082476007618,0.0008238588093166157,4.485810960416243e-5
125,218,VAL,2.1368219011191086e-5,2.650934655558606e-5,2.6163736536154217e-5,3.965922012925192e-5,2.842513055804582e-5,7.848331040001245e-6,0.0003277435312597248,0.00027312321464249096,0.0006505036074295017,0.0003980167556821024,0.00041234677725345497,0.0001667982163139067
126,219,PRO,0.0007462118653656589,0.0007885499051566047,0.0006549434382115642,0.0006025692014522368,0.0006980686025465161,8.462575511268051e-5,0.0052054502785870635,0.005325174978359938,0.005509389979905073,0.005395441766741475,0.005358864250898387,0.0001273665625177385
127,220,TYR,0.0012829393832683785,0.001375974354513324,0.0012743566991980256,0.0012772099690155825,0.0013026201014988278,4.903288640567038e-5,0.0049221245422984405,0.0048999903826382986,0.004584796359445142,0.004462649005083253,0.004717390072366283,0.00022929833591237188
128,221,GLU,0.00607031404305626,0.006317904297318936,0.005698744571608906,0.006222310222465555,0.006077318283612415,0.0002721956447909425,0.01633426185926915,0.01651657764268608,0.014831959453922166,0.016276555487645297,0.015989838610880675,0.0007786681131261618
129,222,PRO,0.0008522157438615972,0.00015098266159289413,0.0008702972443350056,0.000567466329962314,0.0006102404949379528,0.00033611948305961185,0.0069453283561004674,0.0024061334249579226,0.007349783189900602,0.004574705433656585,0.005318987601153894,0.002295487629467145
130,223,PRO,0.0009603828339904518,0.0007013909126808211,0.0009442569183703705,0.0009207013843664766,0.00088168301235203,0.00012129417435697724,0.005210114478948477,0.005959067262820513,0.005087077013090789,0.0055399313431124106,0.005449047524493047,0.00039008189454201796
131,224,GLU,0.006357299033325819,0.006879283842670023,0.005926425538634086,0.006717304943715235,0.006470078339586291,0.00042302390690791575,0.01822990584135252,0.021422546434531186,0.01646525770460786,0.021077097735665497,0.019298701929039264,0.0023695385189632864
132,225,VAL,0.000894902565526089,0.0008774233927037115,0.0008926354890521294,0.0008504940307998563,0.0008788638695204465,2.0443580871744673e-5,0.0132708726603365,0.009307829576358,0.013079733196946518,0.011278480546828472,0.011734228995117372,0.0018499347824965364
133,226,GLY,0.0008153262521821521,0.0006974753714385726,0.0008156528310591816,0.0006284605236854044,0.0007392287445913277,9.245614201028549e-5,0.008858748371288833,0.004599401783169582,0.007979427823345155,0.005608268782864533,0.006761461690167025,0.001990511646727911
134,227,SER,0.0012641713059256057,0.0013123076782834895,0.0011260294284623803,0.001332979842651774,0.0012588720638308125,9.31353415056482e-5,0.00730884681323736,0.01005738090114948,0.006978376509724753,0.008800359832543335,0.008286241014163732,0.001422095126290765
135,228,ASP,0.00618519758797736,0.00613676693458038,0.006279083030456817,0.0057960108842227895,0.0060992646093093374,0.00021062477504346755,0.016622935711664052,0.01834510176115496,0.016299720243555606,0.01613985996220861,0.01685190441964581,0.0010155424894469432
136,229,CYS,0.0007269898931442542,0.0004897032670939873,0.0005904340510697522,0.000663185961354143,0.0006175782931655342,0.00010188194112019871,0.003260000673053132,0.003954046930671227,0.002395464854186307,0.003947703857687588,0.0033893040788995636,0.00073828191926026
137,230,THR,0.0005007063026976857,0.0006341243187213508,0.00038849797180900866,0.0005352705097580848,0.0005146497757465325,0.00010133784940743555,0.0022977490837954827,0.00409366899393752,0.001844679708413308,0.0028889102413464343,0.002781252006873186,0.0009738191807264193
138,231,THR,0.0014678296988741872,0.0012957670863320188,0.001522194968861077,0.0012550022148566083,0.0013851984922309728,0.00012980112727243193,0.009001934457583138,0.005904039784868402,0.008847010474446982,0.007324024960702885,0.007769252419400352,0.001455828869804894
139,232,ILE,2.7514518668566078e-5,3.548821748203337e-5,2.2227995981803307e-5,2.8076273111081216e-5,2.8326751310870996e-5,5.452946465851593e-6,0.0007184428004819952,0.0007728467933596706,0.0006459103125757996,0.00057542546665386,0.0006781563432678314,8.598976582270357e-5
140,233,HIS,0.0005824507770335727,0.000495753774860186,0.0005106900834849202,0.00034584445894350965,0.0004836847735805471,9.938078843894612e-5,0.008516592914812564,0.008101749663274501,0.009173577460013467,0.008235553844307644,0.008506868470602044,0.000476909605644845
141,234,TYR,0.0003531800801151117,0.0003711690532988559,0.00037445547001906977,0.0002871306871421173,0.00034648382264378867,4.0658776122681276e-5,0.0008868283714234756,0.0010727820714719115,0.0009840334085682912,0.0010072707502406743,0.0009877286504260882,7.705084730651143e-5
142,235,ASN,0.0005590139538810535,0.0005009542630660574,0.00031433553730329897,0.0003891901854815864,0.0004408734849329991,0.00010992404337672006,0.0017517113121931142,0.0017188069743633444,0.0017114966284788138,0.0019525281190583372,0.0017836357585234025,0.00011394534517305409
143,236,TYR,0.00010086780488403915,0.00031287721086173083,0.00013854893017207213,0.00027533362157307253,0.00020690689187272867,0.00010300327622844184,0.0003183073240438509,0.0009817582110170974,0.0005725697137049274,0.0009300275108670257,0.0007006656899082253,0.0003131700014384249
144,237,MET,4.7033183476252077e-5,7.340158495887081e-6,0.0002473207336169563,0.0004303886916933137,0.0001830206918206023,0.00019551783801910905,0.0005201906639437633,0.00032585095043806444,0.00081935483438084,0.0017257429005703127,0.0008477848373332451,0.0006195029057233726
145,238,CYS,3.692411983654564e-5,8.94690623715834e-6,9.623560131524711e-5,0.0001276513305258202,6.743948947869282e-5,5.4182567731244196e-5,0.00040858655895642775,0.00029758621527108673,0.00048525617169991524,0.000794921580218532,0.0004965876315364905,0.0002132895523063463
146,239,ASN,0.0010865607456479118,0.0011185919736240793,0.0011324000975379508,0.0008486904810142953,0.0010465608244560592,0.0001333035805505728,0.006576554205792186,0.007281755206096186,0.006680358159677028,0.005969998908998862,0.006627166620141066,0.0005371984654343419
147,240,SER,0.0010540755250494165,0.0011583543896984895,0.0006906661211221738,0.0011160154592286912,0.001004777873774693,0.00021374127525006283,0.003581706065456769,0.004205190696394831,0.0029481128113279325,0.004461849486643388,0.0037992147649557302,0.0006771473992961721
148,241,SER,0.0012195148204160212,0.0011108875113714728,0.0015035509398402863,0.0013820528579298486,0.0013040015323894072,0.00017353482363914358,0.007854612992676356,0.008147801452467764,0.008508550907679012,0.008660452078273024,0.00829285435777404,0.00036274367680104815
149,242,CYS,0.0007557083727540274,0.000973723127126879,0.00017328913331625325,0.0006566356767645753,0.0006398390774904338,0.00033806075802170096,0.004385846616599087,0.004715750413488197,0.002588860429785833,0.0033226350073165697,0.0037532731167974217,0.0009777214781158795
150,243,MET,0.0005979535507205629,0.0004944108179835759,0.0006981983963776467,0.000620989846944351,0.0006028881530065341,8.407020147528084e-5,0.01277062224599807,0.012940255578113785,0.012109307055263382,0.011962794910025002,0.012445744947350061,0.00048184271877144293
151,244,GLY,0.0001724964864476632,3.8621161010133023e-5,0.0006049026140816305,0.0004098460508218071,0.0003064665780903085,0.00025129036051683865,0.0030992137799020795,0.002437180173686882,0.004836067480892627,0.002726139884106694,0.0032746503296470705,0.0010756426721083387
152,245,GLY,0.000625240879646274,0.0005749448107726542,0.0005877507846431591,0.0007709687322190417,0.0006397263018202823,9.006016315166918e-5,0.003326448237563088,0.0037745230878013154,0.002214643690895703,0.004469497274930477,0.003446278072797646,0.0009462213915681375
153,246,MET,6.86989093980076e-5,6.923535656446435e-5,0.00011064953778065631,9.619669653896053e-5,8.61951250705222e-5,2.0750911975734672e-5,0.0006636130607509382,0.0006604625730621692,0.0006710743793099573,0.0007624173259993092,0.0006893918347805935,4.888659978868982e-5
154,247,ASN,0.0015323231094702288,0.001359385765106294,0.0015982496991323863,0.0015601209903883864,0.001512519891024324,0.00010560570161439807,0.009837569530346585,0.009056811656374281,0.010513019903400327,0.010452086987392568,0.009964872019378441,0.0006778947987182157
155,248,ARG,0.0013483132143980376,0.0014207804222629227,0.001331093880269348,0.001392225103662332,0.00137310315514816,4.0898618773536574e-5,0.018568698596214395,0.018481655119417923,0.019069341295422815,0.01787452542644784,0.018498555109375744,0.0004900393296337614
156,249,ARG,0.0006211784998578678,0.0007191128811756583,0.0006194527443245686,0.0006324855303562085,0.0006480574139285758,4.772164473439523e-5,0.006736849638819504,0.008058375616116343,0.007813012787536947,0.006741515195127293,0.007337438309400021,0.0006980336175822226
157,250,PRO,0.00038324156569047795,0.0003042428394279241,0.00025798957543880677,0.0002832800515670862,0.00030718850803107377,5.4113749951908586e-5,0.004765330956523587,0.00500607125961019,0.004440131237555623,0.0051670182628912225,0.0048446379291451555,0.0003161777238718578
158,251,ILE,7.501804771985467e-5,8.94924872625115e-5,0.00015877858522329438,0.0001024480309867254,0.00010643428779809649,3.665069559296729e-5,0.00020680014466110456,0.0002990543499581731,0.0005929332045946788,0.000447699595540736,0.0003866218236886731,0.00016960618975496471
159,252,LEU,1.3143348626238475e-5,2.0096982148726776e-5,1.954604693948737e-5,5.424069131125547e-6,1.4552611711394543e-5,6.855429745986992e-6,0.0007799720989231479,0.0006640124464511038,0.0006337455996356889,0.00036824441686321663,0.0006114936404682893,0.00017398136913325353
160,253,THR,1.8059040837355471e-6,1.997074091378558e-5,1.7129380839938796e-6,0.0,5.872395770378751e-6,9.4354969971371e-6,3.935775186435624e-6,8.23325623642993e-5,7.734293716951223e-6,3.2219035851603546e-6,2.4306133713211626e-5,3.873494791297838e-5
161,254,ILE,0.00014518295266698712,0.00019912988035021795,0.00019167549590179124,0.00010437400666294418,0.0001600905838954851,4.4152190513726506e-5,0.0007090910315796809,0.0007943283372045192,0.0010943359592152876,0.0007005875724884786,0.0008245857251219916,0.00018474781406910038
162,255,ILE,0.0,8.924214282034743e-7,3.6315822317748396e-6,4.718442016373253e-7,1.2489619654039098e-6,1.629705341278583e-6,7.372371335050117e-6,2.0626592551743447e-6,2.583260483531313e-5,4.01262109537111e-6,9.820064130227176e-6,1.0897956763390525e-5
163,256,THR,0.0005310758439057749,0.0005506136492635474,0.0006044189829268787,0.0005067124321386971,0.0005482052270587245,4.155660654976987e-5,0.0017281286985061253,0.001663871804542325,0.0021695278956912053,0.0021129160280122868,0.0019186111066879855,0.0002594155593759095
164,257,LEU,0.0,0.0,2.6700726059368435e-6,9.353065188518368e-7,9.013447811971701e-7,1.2588879148962667e-6,0.0,2.1113588917408267e-6,1.071922554837494e-5,5.058248862637944e-6,4.4722083256884275e-6,4.652702621402517e-6
165,258,GLU,0.0019336500638577466,0.0022075159693948506,0.002287170722328374,0.002040085258703658,0.002117105503571157,0.00015987937895101586,0.0030302207160805786,0.003340262623236575,0.003634477522895416,0.0029802823669070125,0.0032463108072798954,0.0003038455755999834
166,259,ASP,0.0035881291147541925,0.003684659242045619,0.003601920528689499,0.003598530763128689,0.0036183099121545,4.462040166884441e-5,0.008093276114005588,0.00849996547634524,0.008136043869377918,0.008299466440479243,0.008257187975051997,0.0001846360169850788
167,260,SER,0.0013620761759741695,0.0014104390182489372,0.0014091347182362932,0.0013531974158159394,0.001383711832068835,3.0330934902015995e-5,0.009082779854715877,0.009205008213577988,0.00938117742264583,0.008944420275452072,0.009153346441597942,0.0001854774745478609
168,261,SER,0.001036313935447048,0.0010590269766643026,0.001067980208103339,0.0009324159828460304,0.00102393427576518,6.245103608589988e-5,0.009024553712376824,0.009331874106213738,0.009015648163561244,0.008487639982316655,0.008964928991117116,0.00035051441114154617
169,262,GLY,0.00049875611881242,0.000561006273542845,0.0005281729424389855,0.00036820294959782825,0.0004890345710980197,8.44719426957036e-5,0.002387236074041825,0.002823133080651267,0.0024668160259059863,0.0019194524167537338,0.0023991593993382032,0.00037174904455878276
170,263,ASN,0.000976381222803418,0.0009844785681340327,0.00101652827078509,0.0009742822079812132,0.0009879175674259383,1.9573871506607173e-5,0.009782273111306044,0.010288291697823285,0.009593559307763233,0.009617708640158363,0.009820458189262731,0.00032296376164021043
171,264,LEU,0.0009183018815141046,0.0008949071190459443,0.0009280672433186671,0.0009565263677372624,0.0009244506529039946,2.5511820728958218e-5,0.006711491395402801,0.006922524357778256,0.007217976994182757,0.006525785070517548,0.00684444445447034,0.0002971213828393886
172,265,LEU,0.0007829689641081375,0.0008024531961909386,0.000621507410955048,0.0007645643916530504,0.0007428734907267936,8.237638980319286e-5,0.0028431216427108677,0.0029214113898169613,0.002720332618816734,0.002763828678665197,0.00281217358250244,8.881192359006077e-5
173,266,GLY,0.0,0.0,2.6835905146540705e-6,9.201523500504665e-7,9.009357161761342e-7,1.2651215671385733e-6,4.314443246760875e-5,2.1215442807046163e-5,2.0707286875423336e-5,8.657857895614398e-6,2.343125501142316e-5,1.4366540454489599e-5
174,267,ARG,0.0010682960720908698,0.0006813038507226958,0.0005824104856167452,0.0005393979628445733,0.0007178520928187211,0.0002410650410675455,0.008079954001409232,0.006138174023298278,0.007019112408062238,0.0073052648618804165,0.007135626323662541,0.0008018766697852464
175,268,ASN,0.0006950950178249019,0.0007289783556572449,0.0005227354042538686,0.0008049261151858883,0.0006879337232304759,0.00011932260244041843,0.003651237774701045,0.004032437030899112,0.003829353354833841,0.0040518222570543804,0.0038912126043720947,0.00018899231449249877
176,269,SER,0.0012328749206310114,0.0011619891203390404,0.0010941051478881405,0.0010340492961965206,0.0011307546212636784,8.582783788960204e-5,0.005461385424304583,0.004760889190169763,0.004909431727397446,0.003926416385012937,0.0047645306817211824,0.0006348363778976249
177,270,PHE,8.739622927164363e-6,8.588155153456206e-6,1.4412882892962566e-5,2.3273030705396287e-6,8.516991011030692e-6,4.9372194330189265e-6,0.00030276161734891035,0.00022861043874619684,0.00029772279618695837,0.00017239646114751395,0.00025037282835739484,6.202289929345452e-5
178,271,GLU,0.0036747797225504196,0.0038111215049190924,0.003932298719018258,0.003878729656013723,0.0038242324006253735,0.00011128982970282601,0.007046780387365108,0.007265617348365314,0.00752428577697218,0.007237486222692168,0.0072685424338486924,0.00019626182103595608
179,272,VAL,0.0007915444134790773,0.0010256371932451241,0.0009326263371620543,0.001060963063352779,0.0009526927518097586,0.00012029796318792974,0.0015874193605988443,0.0019331205907279854,0.0018067957221846922,0.002089047693449816,0.0018540958417403344,0.00021197557286808702
180,273,ARG,0.0003911780517642794,0.00043751814169544533,0.0003774524816676591,0.00044208457089004366,0.0004120583115043569,3.257467273591138e-5,0.006783946694468884,0.007670877683516301,0.007120444025566936,0.008319720136199553,0.0074737471349379195,0.0006721057721343442
181,274,VAL,0.00035135162516276153,0.00035258473870805655,0.0002060697950533406,0.0003525910706661123,0.0003156493073975677,7.305533286235058e-5,0.0009782167644462939,0.0009163898598374787,0.0008549809314883726,0.0013805961734177188,0.001032545932297466,0.00023742521033294538
182,275,CYS,0.00022020177730639327,0.00029673580329900355,0.00033342705569337766,0.00039531822924720474,0.0003114207163864948,7.316559563344213e-5,0.0006940931549067087,0.0009017436937690157,0.001554340390354785,0.0013625445908770314,0.0011281804574768853,0.00039843202248566106
183,276,ALA,0.0005740305838805775,0.000643990185117901,0.0005295389578838308,0.0005234692201594571,0.0005677572367604416,5.55964104180005e-5,0.006132934396964397,0.006870556695452318,0.0060952726008485355,0.006930676431405088,0.006507360031167585,0.000455016189247889
184,277,CYS,8.143992921464084e-5,0.00013182511974177798,0.00011168435743291762,7.350297804266028e-5,9.961309610799917e-5,2.7051383679197065e-5,0.0045813180354866085,0.005012401084812941,0.004198865823057,0.004185171020464859,0.004494438990955352,0.00039108518859057556
185,278,PRO,3.709643967796305e-5,9.51773533900741e-6,9.017110954338552e-6,1.7324639277242956e-6,1.4340937474758326e-5,1.5581964931378722e-5,0.0009459084766604244,0.0008851041961161759,0.00022232951921955784,9.702998899299107e-5,0.0005375930452472873,0.0004400652939765033
186,279,GLY,0.000319259415543031,0.00032827738230792916,0.00030996882315492344,0.00033062772173503686,0.00032203333568523015,9.41804447764639e-6,0.005732967166997486,0.006020793212387886,0.0042332507063840615,0.00417485765941142,0.0050404671862952135,0.0009732203654499213
187,280,ARG,0.0005884602357917283,0.0006423984600348933,0.0005485311228848119,0.0005130551904950788,0.000573111252301628,5.551943134768678e-5,0.016016127792744143,0.016722131554336696,0.015962297328188116,0.016327944364480977,0.016257125259937485,0.0003494040106297409
188,281,ASP,0.004050163772219403,0.004194341001062381,0.003914625818377241,0.00391984148868449,0.004019743020085878,0.00013221172312221727,0.007355575240137243,0.007919531649455918,0.007648855123852336,0.00772388906145876,0.007661962768726064,0.0002339670361973718
189,282,ARG,0.0003147232002708517,0.00026845361103534736,0.00026804690344473946,0.00025195956878471345,0.000275795820883913,2.706450040804225e-5,0.00589495742957314,0.005771616298910276,0.005569207721614379,0.005868145399488126,0.00577598171239648,0.00014767521411856194
190,283,ARG,0.0005962869907552648,0.0007002795835880315,0.0006989437440360288,0.0006795637113088301,0.0006687685074220389,4.9239548844137124e-5,0.014384805884950244,0.015809448145753583,0.015393359679285182,0.01563301159833504,0.015305156327081012,0.0006368212949065839
191,284,THR,0.0008568793994775335,0.001097608397238881,0.001003001367903975,0.0010095944685221544,0.000991770908285636,9.973480793116414e-5,0.00701913574498893,0.008805547815175915,0.00839084206216997,0.008756785014200479,0.008243077659133824,0.0008366871281215553
192,285,GLU,0.0033311095611551276,0.0036187410061065115,0.003926041390712993,0.004238186792044278,0.0037785196875047278,0.00039105052874820797,0.007768196271535693,0.009414529445874573,0.009766075334114176,0.010355749834777645,0.009326137721575522,0.0011088493834083926
193,286,GLU,0.003940350045292719,0.0037372638757098287,0.0035883444606729896,0.003596730808579021,0.0037156722975636397,0.0001646265900156927,0.00997680904212723,0.008615241131132644,0.008533540606080503,0.008548452520845217,0.008918510825046399,0.0007064259436350266
194,287,GLU,0.005466507780832318,0.005028127178561199,0.004944772368440672,0.00487923699441299,0.005079661080561794,0.0002649974160451869,0.015190970230225729,0.013027253629918334,0.012890267262429896,0.01264535809346314,0.013438462304009274,0.001178969705222509
195,288,ASN,0.001623505228631816,0.0016167072866331122,0.0016012922334213777,0.0016487805420941596,0.0016225713226951162,1.979041789235394e-5,0.012870000998715853,0.013656510126175478,0.013073617926476919,0.013309404868344097,0.013227383479928086,0.00033775892289362287
196,289,LEU,0.0007633037755963243,0.0008676696845608566,0.0007665798608005786,0.0008097077935177182,0.0008018152786188695,4.8729748297063955e-5,0.009634709692368286,0.009389564452160996,0.008915431549132139,0.008998705960095471,0.009234602913439223,0.0003374493766569633
197,290,ARG,0.0011292604695748512,0.001224618072641434,0.0012443226345610298,0.0011445389470398073,0.0011856850309542805,5.724474252457231e-5,0.01838372626444157,0.01855907386875481,0.017756918487405512,0.01788352974072197,0.018145812090330966,0.00038618592977197126
198,291,LYS,0.001132731826025482,0.001160583641760181,0.0011150247388438694,0.0012069610562146914,0.001153825315711056,4.008117580692893e-5,0.02052338056433687,0.021066116096525218,0.020342490187385275,0.020473744371983897,0.020601432805057815,0.00031904980219317854
