position,p53_resnum,p53_res,p53_18A,p53_26A,p63_resnum,p63_res,p63_18A,p63_26A,p73_resnum,p73_res,p73_18A,p73_26A
1,94,SER,0.0011859765949810554,0.008924043824247524,123,SER,0.0012121219513946643,0.0087209286423395,112,ALA,0.0004572460361626689,0.005685209909277791
2,95,SER,0.0013214094103796664,0.008777944959073662,124,PRO,0.0005737229279702534,0.006043619019647897,113,PRO,0.0006115992380025408,0.00577536873491721
3,96,SER,0.0013517746191477448,0.00905469627672639,125,ALA,0.0007660107848608847,0.006829227863036116,114,VAL,0.0005156680934144909,0.0052529258217250355
4,97,VAL,0.0003035270334227629,0.004420310471918336,126,ILE,0.00029924978654061754,0.005603587129741274,115,ILE,0.0002802124206291771,0.005555982495757316
5,98,PRO,0.000352940755892493,0.0056730846004259565,127,PRO,0.0002887947205241796,0.006186287549796439,116,PRO,0.00033827305438736103,0.005344210756311377
6,99,SER,0.0012246936514561135,0.00747302879574149,128,SER,0.001222733045938881,0.00804787400947658,117,SER,0.0014313698916696633,0.009908935378896212
7,100,GLN,0.0012654283542593715,0.009094301798109756,129,ASN,0.001320265561325735,0.00895630706182381,118,ASN,0.0014433467432364067,0.01163231622245569
8,101,LYS,0.0007915754232056707,0.015745583775278574,130,THR,0.000562116252103838,0.004771356122411694,119,THR,0.0005567518914766791,0.003832166266048161
9,102,THR,0.0014299886182727022,0.010247624081911882,131,ASP,0.004320504461983074,0.011744481851280167,120,ASP,0.004089186272204395,0.011053859986051563
10,103,TYR,0.0008241547614488821,0.008895274796577774,132,TYR,0.0006669256968184649,0.00811880991643196,121,TYR,0.0007103280711642016,0.008695529721276404
11,104,GLN,0.0017301630458113992,0.013077855409559802,133,PRO,0.0006048474829913963,0.004582914491268858,122,PRO,0.0007244168435008842,0.00431516769447194
12,105,GLY,0.0007089790127707324,0.004999899388394413,134,GLY,0.0005377585414593191,0.0037977906882690877,123,GLY,0.0005075066752981636,0.0037092468916706247
13,106,SER,0.0016756827738314544,0.013267204335544047,135,PRO,0.0008867580388606086,0.008330236215636501,124,PRO,0.0008601364778991487,0.008519901648714412
14,107,TYR,0.0007510157266894755,0.006525261007238943,136,HIS,0.00013288574233169808,0.003353765136822083,125,HIS,0.000144824412523815,0.003535160037546831
15,108,GLY,0.00014113706615874436,0.0007264509679295958,137,SER,0.0015497528382222767,0.008064279130930248,126,HIS,0.0008225691648569123,0.009602439840062453
16,109,PHE,0.0006005649817010537,0.0012779684194406794,138,PHE,0.00012897958838805284,0.00046825809232478886,127,PHE,0.0001133468238625778,0.00034838072278474907
17,110,ARG,0.00033199867272378934,0.009055838663947829,139,ASP,0.004280120903078,0.009830522824063452,128,GLU,0.00502971154285049,0.011056445599961122
18,111,LEU,0.0009166643568948154,0.004884217746768045,140,VAL,0.0007420076490124079,0.0027659989506606288,129,VAL,0.00077420115113971,0.00441538712731083
19,112,GLY,0.00011745778401546176,0.0008476426380105033,141,SER,0.0006409472841777193,0.004015127170286304,130,THR,0.0006594605100982858,0.003832305845740592
20,113,PHE,0.0007066772927767889,0.006234975022539759,142,PHE,0.0007883616174736825,0.004843236369306182,131,PHE,0.0007871056501075399,0.005383588990979666
21,114,LEU,0.0006646625887877372,0.00813538700280438,143,GLN,0.0016148357452221277,0.011658567869474409,132,GLN,0.0015819487106871286,0.01156402316774415
22,115,HIS,0.0006675296039675661,0.010045235290243907,144,GLN,0.0016864971787226759,0.015454242298533507,133,GLN,0.0016825970142084175,0.014188223902743522
23,116,SER,0.0005418849729174174,0.0029762759629196928,145,SER,0.0012078153803862263,0.007939253072157874,134,SER,0.0009117999592664999,0.006879396117744977
24,117,GLY,0.00039889835003000613,0.0037404419005355074,146,SER,0.0009399854663758152,0.0068625858883916094,135,SER,0.001342059618905404,0.010983051149861834
25,118,THR,0.0012148808678216787,0.011245229537823014,147,THR,0.0011953430788695161,0.01004604025156879,136,THR,0.0013180890991387167,0.010739970748777536
26,119,ALA,0.0008355391117163847,0.010180255600180954,148,ALA,0.0006969970155947596,0.007181464579040874,137,ALA,0.0004743913782129823,0.004091979718428221
27,120,LYS,0.0012202117124353999,0.021272267464780576,149,LYS,0.0009111259183527397,0.01779919334104588,138,LYS,0.0011280188767470159,0.017879735554356947
28,121,SER,0.0010546869301961057,0.0064210346470329385,150,SER,0.0011053531520189104,0.00735637910099246,139,SER,0.0012530471164195378,0.009173852181766503
29,122,VAL,0.0007314981707404098,0.00847951899161083,151,ALA,0.0005693661832321421,0.005329383836927781,140,ALA,0.0006953133024237827,0.006352791814445836
30,123,THR,0.00051991146988021,0.003228234171643679,152,THR,0.0007512596394712258,0.005540201163828022,141,THR,0.0005661934267700145,0.004260726262043041
31,124,CYS,0.0003662280275159344,0.0010083457850101646,153,TRP,0.0004798092272809872,0.0044120609754077535,142,TRP,0.0005552040538033888,0.004316031717241398
32,125,THR,0.0005683928501750685,0.0020381756265705725,154,THR,0.0004011468367808169,0.0013569425895413145,143,THR,0.0004191830680657664,0.0018587668739774889
33,126,TYR,0.0011120645453396847,0.0059805689565585385,155,TYR,0.0011518430684482588,0.005237481175873208,144,TYR,0.0011740397628945882,0.006098494585206418
34,127,SER,5.44320272494084e-5,0.0002369513707981007,156,SER,4.435094419613431e-5,0.00014293123938346366,145,SER,2.4464026533182652e-5,8.395310667467196e-5
35,128,PRO,0.0006975267202741483,0.008083675985017153,157,THR,0.0013457505818827095,0.010428129509385275,146,PRO,0.0006394867345377044,0.006865488766394046
36,129,ALA,0.0008013632375307411,0.007346224643041685,158,GLU,0.0053530226908899015,0.015981389475588022,147,LEU,0.0007986983821074902,0.008887644535103512
37,130,LEU,0.0005885921560292125,0.0036204666187667736,159,LEU,0.0005739374012667472,0.004084336518425268,148,LEU,0.0005962777278500183,0.003991724738186642
38,131,ASN,0.0011540390510854748,0.008600475301725558,160,LYS,0.0006450113371600632,0.011477356064457349,149,LYS,0.0010193575856860602,0.014412389509326629
39,132,LYS,0.00025015073926000476,0.002846212645020824,161,LYS,0.00026395489153270394,0.003945261416481585,150,LYS,0.00032066249256053315,0.004904019962883392
40,133,MET,2.7808287403374793e-5,0.0001359499000619263,162,LEU,2.2476407980498126e-5,0.00010086381166319301,151,LEU,0.00017926349032248293,0.0006196327742036718
41,134,PHE,1.3089797272940783e-6,3.229531613349277e-5,163,TYR,4.265882206685956e-6,3.0440933800422315e-5,152,TYR,2.3998189239234454e-5,8.576388903159877e-5
42,135,CYS,2.9542039327231255e-6,1.406319671294659e-5,164,CYS,6.077481492224791e-6,3.096875498359782e-5,153,CYS,6.550566500237017e-6,0.00011568029239799876
43,136,GLN,0.0013911348423123718,0.007184614265505954,165,GLN,0.0011019783471059327,0.006699887055246249,154,GLN,0.0012757192432538685,0.007115687426357413
44,137,LEU,0.000758298039735955,0.0049863648447853485,166,ILE,0.0007298145246528799,0.005123330779406651,155,ILE,0.0007344633968428715,0.004543154986471946
45,138,ALA,0.0006338919348792226,0.0040655600247856884,167,ALA,0.0006016483768339979,0.0036355213089357976,156,ALA,0.0006538847340760707,0.004160377246349058
46,139,LYS,0.0012683453431218846,0.014869809754617406,168,LYS,0.0010874807958053264,0.012382550863419309,157,LYS,0.0011913962021806853,0.013878279953066164
47,140,THR,0.0008061125381934976,0.007210813068429828,169,THR,0.0009437982843601483,0.006397659944027355,158,THR,0.0009806822708698325,0.007221026981228471
48,141,CYS,7.688026843708359e-5,0.00020605396359028578,170,CYS,3.474800698447573e-6,2.850040540448723e-5,159,CYS,1.1244746269404485e-5,3.364457927999882e-5
49,142,PRO,0.00044227865634676106,0.0017537599825650718,171,PRO,0.0007899432253009774,0.0030229944595317015,160,PRO,0.0008006072921293652,0.0033203294696201677
50,143,VAL,1.3024612545792725e-5,5.850934592371311e-5,172,ILE,3.692621475896652e-6,3.6162506886145386e-5,161,ILE,2.0419523880822284e-6,5.6551602592148897e-5
51,144,GLN,0.0008159685396043449,0.005854879121618594,173,GLN,0.0010433926404597314,0.005959377624320183,162,GLN,0.0008915461606782678,0.004630196033309146
52,145,LEU,0.000492890739511931,0.0012194296893405752,174,ILE,0.00025149089212647517,0.0007330840177577766,163,ILE,0.00032418894362743725,0.0006713114498357554
53,146,TRP,5.236555777003539e-5,0.006727195484773512,175,LYS,0.0004054942992210488,0.00831370757056561,164,LYS,0.0003647275450455205,0.007568181427847328
54,147,VAL,0.0008423812532268872,0.004009886427369151,176,VAL,0.0006968319438825285,0.0037427969063737105,165,VAL,0.000723116418111877,0.0035020222064150236
55,148,ASP,0.005450095158184523,0.01615701575877662,177,MET,0.0007844717241042283,0.011262060369794144,166,SER,0.0014471444272493052,0.009512357302467666
56,149,SER,0.0007635395046711933,0.006559041129244291,178,THR,0.0005457185872695875,0.006210881278452343,167,THR,0.0005373635965891581,0.0064713807572818385
57,150,THR,0.0015844361644101164,0.011856811447104789,179,PRO,0.0007595462168934286,0.008815937709128285,168,PRO,0.0008331722977256886,0.008646691898637406
58,151,PRO,0.0007042190139463284,0.0031846563600894905,180,PRO,0.0008454241551126187,0.0036947799903037947,169,PRO,0.0008169027688274606,0.003459257789566819
59,152,PRO,0.00010664665992777833,0.004017248493264959,181,PRO,0.00048141898819190526,0.005628865780818496,170,PRO,0.00010148720278354032,0.003952055287638909
60,153,PRO,0.0008606654528870291,0.010912374401294838,182,GLN,0.0020136390225329263,0.01977556060908808,171,PRO,0.0008060347839857077,0.010353780418975441
61,154,GLY,0.00033905657384104295,0.0055930451908868225,183,GLY,0.0004322504467460558,0.005400857711602883,172,GLY,0.00046560901712615354,0.0055800420012850314
62,155,THR,0.0006308520370744666,0.002887979448469683,184,ALA,0.0005368551977604588,0.002048901962242261,173,THR,0.0006512347027125804,0.002973815421344337
63,156,ARG,0.00045104895702208415,0.0077374544013342214,185,VAL,2.4110923962138588e-5,0.0011963572686917393,174,ALA,1.2886989180883949e-5,0.0008623690451826948
64,157,VAL,0.0002318948766604189,0.000651995018752438,186,ILE,0.00034588480330375085,0.0007171855518443503,175,ILE,0.00025817345297013264,0.0006065006178370175
65,158,ARG,0.0002980512777978201,0.002204493619300312,187,ARG,0.0002434950539406665,0.005367849814062042,176,ARG,0.00028060923750576844,0.0037933146675828947
66,159,ALA,4.299502920214277e-6,4.128850454707897e-5,188,ALA,4.035571210271272e-6,3.8237019080821274e-5,177,ALA,4.951581133768248e-6,5.180411063726008e-5
67,160,MET,1.7708965220505848e-5,0.0005430819046204214,189,MET,1.1921440133310979e-5,0.0017743872117465238,178,MET,1.8153629586955487e-5,0.001026016221525055
68,161,ALA,0.0009170404637452906,0.0024828456879335058,190,PRO,0.0009629683018385078,0.002079133237650385,179,PRO,0.0005228832833825044,0.0010845255446557066
69,162,ILE,1.814663607437209e-5,0.0004631284797016682,191,VAL,9.402974501489526e-6,0.00030256999201118417,180,VAL,8.235354807492553e-6,0.0001694270206713542
70,163,TYR,0.0006453454963409405,0.0021915924345828255,192,TYR,0.0007755072301283262,0.0024529180963795074,181,TYR,0.0006207541375373615,0.004377108451524411
71,164,LYS,0.0008354536874837905,0.01154081292779514,193,LYS,0.000881552467369586,0.012168197872092845,182,LYS,0.0010242719852443403,0.013107682827086081
72,165,GLN,0.0011044204229804862,0.011583277366039086,194,LYS,0.0006635017581043807,0.015170105868361452,183,LYS,0.0005737024814067708,0.013053585225063532
73,166,SER,0.0013038798276754674,0.010036811100239367,195,ALA,0.0005354749417273477,0.006592041457211651,184,ALA,0.00071930106230608,0.008213301783247728
74,167,GLN,0.0017841384958206113,0.016745339167902853,196,GLU,0.006043667701320184,0.018014940679114175,185,GLU,0.005948334417615123,0.01678042115835227
75,168,HIS,0.00037791542311747,0.005551556959495134,197,HIS,0.0005670563101282447,0.005455534201244772,186,HIS,0.0007335299563445486,0.007451805561642668
76,169,MET,0.00044876346984217187,0.005119400648795205,198,VAL,0.00042629692236498414,0.004139355984033019,187,VAL,0.0002673116715808962,0.002655306027748017
77,170,THR,0.0016261999134690836,0.012969314396996591,199,THR,0.0015663032320556165,0.011443577962104358,188,THR,0.0014717285011330377,0.01040333622450585
78,171,GLU,0.00499277371734441,0.012324458172364543,200,GLU,0.004866085695673544,0.012116205481945336,189,ASP,0.005190488201388016,0.012077737122595633
79,172,VAL,0.0006539493737568718,0.006614603421965751,201,VAL,0.0006493824260778056,0.005673749633957326,190,VAL,0.0004256971977404749,0.0027302505157280016
80,173,VAL,0.0009611188701381626,0.0033178939089843346,202,VAL,0.0008426203044939322,0.0025241036397994857,191,VAL,0.000894177583202642,0.0024952927596329547
81,174,ARG,0.0005798983811438821,0.01224656394205952,203,LYS,0.0005582751404590196,0.012458205292560417,192,LYS,0.0009176908422035072,0.01259780985398096
82,175,ARG,0.0008655629034477098,0.0030875813007260177,204,ARG,0.0010810383917454144,0.008641870029489154,193,ARG,0.000866997903780169,0.0033240401555283245
83,176,CYS,0.00013772487243646081,0.0011702175860179203,205,CYS,0.0001314879149272203,0.0010439002651276392,194,CYS,5.057131060516486e-5,0.0016661804574572838
84,177,PRO,0.0007069569364718797,0.007765400409078628,206,PRO,0.0007786739941508994,0.007737148359717873,195,PRO,0.0006702105846577031,0.008456255776656476
85,178,HIS,0.0007064529060617974,0.013956556776979424,207,ASN,0.0017373488072243103,0.014725690224074791,196,ASN,0.001773069374463872,0.01522679550099813
86,179,HIS,0.00048597610969182886,0.00600707392570042,208,HIS,0.00033572654329521123,0.005954819342234832,197,HIS,0.00022473675224793399,0.0055476388418770305
87,180,GLU,0.004965809364675165,0.011182185164644918,209,GLU,0.0056320167480254065,0.013689030647662432,198,GLU,0.005439778686229126,0.01240984477824221
88,181,ARG,0.0008653048423494789,0.014857743735095352,210,LEU,0.0007081384787313915,0.008942892790872589,199,LEU,0.0007876457672815631,0.007846660631533636
89,182,CYS,0.0005394558118771405,0.005920546134818825,211,SER,0.0014496654297694385,0.01185268060266028,200,GLY,0.0006083316277763935,0.004757311281715901
90,183,SER,0.001114584629714985,0.006881315006870941,212,ARG,0.0010655312741944599,0.013079567603099893,201,ARG,0.0011744163463415956,0.01835805602919168
91,184,ASP,0.004519760756721225,0.01327933673018812,213,GLU,0.006064327517578059,0.01787595873313515,202,ASP,0.005668936289579791,0.016695896664764707
92,185,SER,0.0015469792198569293,0.01233210308727178,216,GLU,0.004361369160745255,0.011657018603216975,205,GLU,0.00497689277574334,0.014358574262916911
93,186,ASP,0.0038928831599493066,0.01212416565102722,217,GLY,0.00048122083526067907,0.004963508210251929,206,GLY,0.0007641446174072165,0.006912542010627907
94,187,GLY,0.000819694282955735,0.007719062883883426,218,GLN,0.0014789390762115677,0.008399951479435765,207,GLN,0.0011767877149551226,0.00857105233579151
95,188,LEU,0.0008555757012798444,0.011572567011975503,219,ILE,0.0007242984376593429,0.00953609315001987,208,SER,0.0015960417640053777,0.011945541755700236
96,189,ALA,0.00072790461362047,0.0034929802562258926,220,ALA,0.0003750510513732691,0.0027419001509182968,209,ALA,0.0005834062197882167,0.0029528474245175524
97,190,PRO,0.0003024517325254469,0.0031048000994232,221,PRO,9.982108106058558e-5,0.0030064890785972105,210,PRO,0.0004180415983514257,0.004348615893187612
98,191,PRO,0.0001230093525162395,0.004170155622073551,222,PRO,0.00033292394731429845,0.002129428838301076,211,ALA,0.00012266507625785644,0.003958966371168007
99,192,GLN,0.0011101678433012988,0.011783862268022902,223,SER,0.0008424717561122269,0.004328333936283856,212,SER,0.0006136700935844941,0.004553181671197178
100,193,HIS,0.0005121889570289519,0.002681554063811472,224,HIS,0.0005379762414837985,0.004479801779099158,213,HIS,0.0005247868177840393,0.002167254723545774
101,194,LEU,6.191517618982429e-5,0.0006961679047406782,225,LEU,0.00010322892228984287,0.000873698909880636,214,LEU,6.886109639498342e-5,0.000993040110420638
102,195,ILE,0.00012883802133921372,0.0003019808465691239,226,ILE,0.00029714228848876794,0.001420729913110133,215,ILE,0.00016279507691632013,0.0013880009077617587
103,196,ARG,0.00020955437589192656,0.003453690216843837,227,ARG,0.00028718961647831293,0.004449038933576935,216,ARG,0.0002948131574377601,0.003868032553293102
104,197,VAL,0.0007388827845563105,0.0020482834172619135,228,VAL,0.0006473256500435643,0.001740543142596782,217,VAL,0.0007177770995286758,0.001849243099152341
105,198,GLU,0.005319705366762543,0.014159562718955193,229,GLU,0.00492712734881068,0.01194786285509173,218,GLU,0.004692442790078783,0.011625088946854996
106,199,GLY,0.0007330420777359828,0.006632492935373779,230,GLY,0.0007673551756819424,0.0074291406959310835,219,GLY,0.0007778835560978844,0.007632352636377041
107,200,ASN,0.0014323398277103765,0.012487394393117936,231,ASN,0.0009477377164767737,0.006820039451228409,220,ASN,0.0008903289234889535,0.007306599986581787
108,201,LEU,0.0008406779493088714,0.012562493640874205,232,SER,0.0015861419400113653,0.01260904191178017,221,ASN,0.0017695217395034264,0.01735577123958108
109,202,ARG,0.0009811836987587265,0.01739461040815734,233,HIS,0.000872146411587888,0.01275966749401396,222,LEU,0.0007124666287230124,0.009588989843531289
110,203,VAL,0.0009515290852153251,0.005505301542435509,234,ALA,0.0007316118788232797,0.003523403361490935,223,SER,0.001094387275136915,0.004516622113117212
111,204,GLU,0.0055546455688416105,0.013632908690721464,235,GLN,0.001100817387882271,0.011245189402854194,224,GLN,0.0011587600245525466,0.011569052317510539
112,205,TYR,0.0014684955233327753,0.008381111658082268,236,TYR,0.0014395117204276696,0.007643245244850169,225,TYR,0.0014132588440920624,0.007231358919050123
113,206,LEU,6.881315910564464e-5,0.004098527741763715,237,VAL,0.00023070221892392833,0.00375962507562583,226,VAL,0.00012219940753590097,0.0034361029903649597
114,207,ASP,0.005760942384309161,0.016239714030254093,238,GLU,0.006289817868087598,0.01871595638627146,227,ASP,0.006236763229158564,0.015511450869000775
115,208,ASP,0.002998850794947536,0.005966319533008404,239,ASP,0.003206751525575308,0.008695836787067833,228,ASP,0.0030688434378616657,0.00734263336091174
116,209,ARG,0.0011683282480511258,0.01764851554264952,240,PRO,0.0008635409908877491,0.010430878376688622,229,PRO,0.0008863884442092577,0.009194290134230832
117,210,ASN,0.0016350525626597572,0.010613917949200614,241,ILE,0.0008775426704621546,0.011930805104775469,230,VAL,0.0008464188219255005,0.010109085219250089
118,211,THR,0.000677053966578526,0.004167575783840813,242,THR,0.0006622332382034293,0.004891121194282041,231,THR,0.0005508047243024709,0.0036571882697914405
119,212,PHE,0.0007704071251972311,0.012670242721114743,243,GLY,0.0005882551172706608,0.0028555541473618347,232,GLY,0.0006638304329738053,0.004108157899113038
120,213,ARG,0.00034751675937471065,0.005326170512124468,244,ARG,0.0007820126982371655,0.006736473502035287,233,ARG,0.0005957148123518572,0.005154395304489678
121,214,HIS,0.0007572767147898168,0.009400190780358425,245,GLN,0.0010686190409336614,0.006911539234521161,234,GLN,0.0013954048940043849,0.009335720253936105
122,215,SER,3.4070444493460414e-5,0.00013323876610484348,246,SER,0.0009595596491319841,0.002410256178442101,235,SER,0.0005928157903981747,0.0016636387072731863
123,216,VAL,0.00022276893209921807,0.0006026657740064347,247,VAL,0.0003274388319558908,0.0006947889120158241,236,VAL,0.0002732733349965876,0.0007026847916969095
124,217,VAL,0.0001902496907198056,0.0008238963559270612,248,LEU,0.0001297902348037903,0.0013649028807794512,237,VAL,0.00012787553786270352,0.001329236902770611
125,218,VAL,2.840793957911688e-5,0.0004138783561953226,249,VAL,2.052450303934971e-5,0.0001875193212871035,238,VAL,2.3080383432083497e-5,0.00023427040324408888
126,219,PRO,0.0006976304740133841,0.005360099689732194,250,PRO,0.0007632873662895095,0.00522184253019446,239,PRO,0.0007568039587890937,0.005617637286886443
127,220,TYR,0.0013023215200050075,0.0047152524365901526,251,TYR,0.0015164486155386258,0.007012413636342682,240,TYR,0.001382589287018693,0.00540409877450492
128,221,GLU,0.006075484892857984,0.0159829715096627,252,GLU,0.0059728574969737614,0.015359869369485493,241,GLU,0.0061999618858752875,0.016972585804521313
129,222,PRO,0.0006131468862338367,0.0053394023333676625,253,PRO,0.0006833471787006323,0.007072819436740979,242,PRO,0.0007349183872097293,0.006117597858223697
130,223,PRO,0.0008828556475292587,0.005444156161287642,254,PRO,0.000874527764339416,0.005491619420505687,243,PRO,0.0008942003872600028,0.00511450596737038
131,224,GLU,0.006467210878038325,0.019278269813843094,255,GLN,0.00151973943652598,0.01425459867912836,244,GLN,0.0014628942974360282,0.014564596671399567
132,225,VAL,0.0008787682814274451,0.011750541805139849,256,VAL,0.000873105265130311,0.012333883873785492,245,VAL,0.0007910298060131673,0.012019733777785944
133,226,GLY,0.0007398306270719186,0.006776518184925083,257,GLY,0.0007360013930259179,0.007582943299364981,246,GLY,0.0007672551271560082,0.008697058962367894
134,227,SER,0.0012581753532874302,0.008273634343600993,258,THR,0.0011845359033275603,0.009342318435013685,247,THR,0.0011156144740875342,0.00825933295318476
135,228,ASP,0.006099887357732834,0.01684126470597495,259,GLU,0.006156878001083051,0.018101600380767087,248,GLU,0.006208235476179904,0.017838906708481813
136,229,CYS,0.0006181094701129295,0.003382866841963188,260,PHE,0.0006872234702661561,0.005328441727613709,249,PHE,0.0006427779381591115,0.005297177496388576
137,230,THR,0.0005138275479490857,0.0027721023468412704,261,THR,0.00028465976072598127,0.0017344163321072947,250,THR,0.00041731074330697733,0.002332074303954549
138,231,THR,0.0013859744876835172,0.007780276734730802,262,THR,0.0014557047436011238,0.009145089720596345,251,THR,0.0014261422409467585,0.009099982095494978
139,232,ILE,2.8285944988255535e-5,0.0006775860875891373,263,VAL,2.1790414688705002e-5,0.0005185413228449155,252,ILE,2.8374208452514537e-5,0.0006854733768008605
140,233,HIS,0.0004838750997253339,0.008510662536365362,264,LEU,0.0001640683641667478,0.004564525946251225,253,LEU,0.0001514019977367267,0.004804835834911174
141,234,TYR,0.0003464596923868109,0.000986990768774091,265,TYR,0.0004316605386307627,0.0009361325801271298,254,TYR,0.00037248796400395475,0.0009245325890148758
142,235,ASN,0.00044045426338783336,0.0017837330059072797,266,ASN,0.00031052794614635436,0.0009199180994149118,255,ASN,0.00033539548447594005,0.0013419230847188034
143,236,TYR,0.00020621594926482282,0.0006990322023801562,267,PHE,0.00021511184980674996,0.000687323099726526,256,PHE,4.540535897305313e-5,0.0003717119898663137
144,237,MET,0.0001835672706191072,0.0008487698099038647,268,MET,0.0004969447226500486,0.002345044241401074,257,MET,0.0004509076161072512,0.002140268765887282
145,238,CYS,6.765499564427085e-5,0.0004968694974527784,269,CYS,0.0003703688312762293,0.002116786423181714,258,CYS,0.0002339867222704149,0.0013669218675126076
146,239,ASN,0.0010470614312616104,0.006623847002171218,270,ASN,0.0009751372328650274,0.006363158599947662,259,ASN,0.0009569048075616049,0.006571080548359275
147,240,SER,0.0010033334655158437,0.0037941193923400436,271,SER,0.0009444642709541571,0.0036566135945504323,260,SER,0.0007944271052025385,0.002626265949859134
148,241,SER,0.0013053133893179984,0.008292155841505562,272,SER,0.0013742465135702226,0.008754670607498865,261,SER,0.0014087944452821145,0.008649129187802087
149,242,CYS,0.0006375542711474683,0.0037456835415210386,273,CYS,0.00045953578155595424,0.0037923020886335562,262,CYS,0.0009100650761617092,0.006670132607143981
150,243,MET,0.0006033736995783927,0.012441139914994646,274,VAL,0.0007309777699292499,0.009356063504484806,263,VAL,0.00036166341326390744,0.003091266778033888
151,244,GLY,0.0003079094674319172,0.0032829965199827043,275,GLY,0.00029375645644833784,0.002965407568030663,264,GLY,0.000296286881306322,0.0020299883559475682
152,245,GLY,0.0006401374170742693,0.0034402154231619477,276,GLY,0.0004400251837579045,0.0030793091797326356,265,GLY,0.0007402909001945964,0.006721911845495735
153,246,MET,8.6285657795515e-5,0.0006892329446926434,277,MET,0.00017713096686643694,0.000914537028610061,266,MET,0.0008016492190160762,0.013883180673285093
154,247,ASN,0.001513060053522947,0.009969653082730996,278,ASN,0.0014380867957871112,0.00948618896606579,267,ASN,0.0011738734730536203,0.010238999729318072
155,248,ARG,0.0013729735351581283,0.018499606403903537,279,ARG,0.0012807388464589236,0.018687276298746957,268,ARG,0.0011335613411127808,0.013661372323496129
156,249,ARG,0.0006476618382339092,0.007336139691898782,280,ARG,0.0006408470934931908,0.00704481267930665,269,ARG,0.0009135174135470039,0.012636602185699338
157,250,PRO,0.00030709439921884103,0.004843182914724514,281,PRO,0.0003813562366788484,0.005706784552081892,270,PRO,0.0004936022422476175,0.004866921574127099
158,251,ILE,0.00010657872999603651,0.00038736367952232393,282,ILE,0.00014720896458789788,0.0006467704949322234,271,ILE,0.00010201191880281485,0.000591883317897467
159,252,LEU,1.4545410936026171e-5,0.000611194583035646,283,LEU,1.2375431788878826e-5,0.0007036693126919737,272,LEU,1.2269762970231787e-5,0.0006215426451056149
160,253,THR,5.808753215670595e-6,2.4012505845900398e-5,284,ILE,4.317513833752608e-7,3.5220081288793915e-6,273,ILE,2.3966551802228416e-6,2.635493195423649e-5
161,254,ILE,0.0001602161348154269,0.000826101909823475,285,ILE,0.0002924255362062727,0.0017371903607678154,274,ILE,0.00022479327806765423,0.0011992244413809648
162,255,ILE,1.255224450167678e-6,9.903841115934669e-6,286,VAL,8.604968713372457e-7,9.993500182922125e-6,275,ILE,2.4218564204153345e-6,1.8334232459604467e-5
163,256,THR,0.0005485013540490617,0.001919990229781848,287,THR,0.0004954729542658586,0.0020510305992035354,276,THR,0.0005098908046443773,0.002066092254806172
164,257,LEU,9.088777421583824e-7,4.49794142401415e-6,288,LEU,0.0,7.941636071464566e-7,277,LEU,0.0,0.0
165,258,GLU,0.0021167165537899174,0.00324615352399273,289,GLU,0.003125143059883163,0.005646641289827275,278,GLU,0.0033310901716403483,0.006197165679993637
166,259,ASP,0.00361792059924425,0.008254506041105322,290,THR,0.0005023824508385714,0.0021240666899829176,279,MET,0.00031861179951780656,0.0036620915231019313
167,260,SER,0.0013838655604525105,0.009153246449257657,291,ARG,0.0013463741421435415,0.019232729819166627,280,ARG,0.001257112212337611,0.019457493915788493
168,261,SER,0.0010240520818652267,0.008962389203599605,292,ASP,0.004862280351486268,0.015962467429070575,281,ASP,0.0051827111215854765,0.01662772750732674
169,262,GLY,0.0004888165450755011,0.0023969244706795604,293,GLY,0.0007087044731182926,0.004430624778880442,282,GLY,0.0007065530563011822,0.004110323245546655
170,263,ASN,0.0009878533473692017,0.009816980034649514,294,GLN,0.001160841062611892,0.011530846082533356,283,GLN,0.0011038513334191476,0.011356198570777175
171,264,LEU,0.0009244309430209082,0.006845659950357556,295,VAL,0.0008364744529283763,0.006481669901148762,284,VAL,0.0008195010765726894,0.006683966486299974
172,265,LEU,0.0007424133624132301,0.002812033182627665,296,LEU,0.0006743179431832245,0.002033879121174394,285,LEU,0.000837287980850453,0.002339804778558215
173,266,GLY,9.080943546862051e-7,2.3414394084527997e-5,297,GLY,2.1894859428511224e-7,3.086301408633294e-6,286,GLY,2.1941619605047036e-7,4.722875271909742e-6
174,267,ARG,0.000718133882526047,0.007139427183588938,298,ARG,0.0004656971557313441,0.006975329061527974,287,ARG,0.0005191939634960474,0.007915576939762083
175,268,ASN,0.0006873012275352867,0.003890222793012318,299,ARG,0.00027592261503024267,0.005357686129149573,288,ARG,0.0003292169865807671,0.005599188659343036
176,269,SER,0.0011307965135556792,0.004765749648429244,300,CYS,0.0005205652167097161,0.002469147914034747,289,SER,0.0009689318964568043,0.003970209914911805
177,270,PHE,8.533740689508e-6,0.0002506412250086286,301,PHE,1.3027150278260375e-5,0.0003065851920569666,290,PHE,9.68124351148854e-6,0.00045572678534666096
178,271,GLU,0.0038240323663918307,0.0072682560531586796,302,GLU,0.004289967687396331,0.008004507022923775,291,GLU,0.004379825509021461,0.008842672663476719
179,272,VAL,0.0009522154642485863,0.001853192949796035,303,ALA,0.0009353798799201126,0.0020209433416535365,292,GLY,0.0004782926950459158,0.001123529684127266
180,273,ARG,0.0004118981201925233,0.007471034412228959,304,ARG,0.000389737922395186,0.0073543797420772125,293,ARG,0.0003707038975650538,0.0052869793113299104
181,274,VAL,0.0003154767785180661,0.00103270059641056,305,ILE,0.0002910907518057491,0.001545205963375237,294,ILE,0.00026398071546135247,0.0012493054089927661
182,275,CYS,0.00031134534824741786,0.001130275574422084,306,CYS,0.00027368780665483483,0.0010486350644325977,295,CYS,0.00028065595462064907,0.0009984733794009782
183,276,ALA,0.0005673837751232207,0.006503869727566496,307,ALA,0.00043232372682148974,0.0067060951479105775,296,ALA,0.0004649447603117977,0.006842279011886985
184,277,CYS,9.951764212240588e-5,0.004490670007618952,308,CYS,0.00010240534364619088,0.004837038072198981,297,CYS,0.00011672190563423917,0.005432150001916606
185,278,PRO,1.4371134801111937e-5,0.0005346964655235922,309,PRO,5.337705041666304e-6,0.00020114643029621319,298,PRO,5.554714689212428e-6,0.0002792483102513091
186,279,GLY,0.0003219411465111855,0.005032296165465262,310,GLY,0.0002544368808143658,0.0033604518242149853,299,GLY,0.00024918626020213684,0.003763475371291128
187,280,ARG,0.0005731301060330875,0.016252853291934558,311,ARG,0.0007497719301998009,0.018846851460367114,300,ARG,0.0007831425748437156,0.019066418697762696
188,281,ASP,0.004018704816938739,0.0076601723241688366,312,ASP,0.0032539782841626034,0.007028585152008731,301,ASP,0.0021642934954597738,0.004927120632293398
189,282,ARG,0.00027583823094993483,0.005774942557723377,313,ARG,0.00020605849067076288,0.003981987067495876,302,ARG,0.00023176688357596443,0.004648823915294993
190,283,ARG,0.0006689879471078668,0.015304281779251359,314,LYS,0.0007746671142147039,0.016670717685946745,303,LYS,0.0005864114378743889,0.014133888202063431
191,284,THR,0.000991455854526238,0.008240502228258898,315,ALA,0.0006619584734304139,0.006091156429016035,304,ALA,0.0005105422446146472,0.004863717193486801
192,285,GLU,0.003778619290341614,0.009325273491038817,316,ASP,0.003608155071887389,0.008931956395481562,305,ASP,0.0034028181589312897,0.008182610275255223
193,286,GLU,0.003715652171049406,0.008918092698796266,317,GLU,0.0028668406731867375,0.00566464191887672,306,GLU,0.0033823422557414206,0.008243183361765851
194,287,GLU,0.005080004494834236,0.013437014812980817,318,ASP,0.004904939566902715,0.01208808025615191,307,ASP,0.004978259666819047,0.0129939941618553
195,288,ASN,0.0016224538975156356,0.013223458801547293,319,SER,0.001180232726950653,0.008781686694787513,308,HIS,0.000884696058637601,0.012937686969405707
196,289,LEU,0.0008015953914979844,0.00923170528098657,320,ILE,0.000738933231678547,0.007432322495679513,309,TYR,0.0012633800186786575,0.012698822288393183
197,290,ARG,0.0011856988145635342,0.018142050811727532,321,ARG,0.0010329361280982572,0.013933074320354948,310,ARG,0.0011887125491108577,0.016977971941828006
198,291,LYS,0.001153744305123041,0.020598611665250968,322,LYS,0.001113876592675651,0.01926687498142937,311,GLU,0.00638676318655537,0.020079581474148383
